URL,TITLE
http://imgs.xkcd.com/comics/a_better_idea.png,"A Better Idea"
http://imgs.xkcd.com/comics/a_hypochondriacs_nightmare.png,"A Hypochondriac's Nightmare"
http://imgs.xkcd.com/comics/a_way_so_familiar.png,"A Way So Familiar"
http://imgs.xkcd.com/comics/ablogalypse.png,Ablogalypse
http://imgs.xkcd.com/comics/accident.png,Accident
http://imgs.xkcd.com/comics/adam_and_eve.png,"Adam And Eve"
http://imgs.xkcd.com/comics/aeris_dies.png,"Aeris Dies"
http://imgs.xkcd.com/comics/all_your_base.png,"All Your Base"
http://imgs.xkcd.com/comics/alone.png,Alone
http://imgs.xkcd.com/comics/alphabet.png,Alphabet
http://imgs.xkcd.com/comics/alternative_literature.png,"Alternative Literature"
http://imgs.xkcd.com/comics/america.png,America
http://imgs.xkcd.com/comics/argument_victory.png,"Argument Victory"
http://imgs.xkcd.com/comics/bad_timing.png,"Bad Timing"
http://imgs.xkcd.com/comics/balloon.png,Balloon
http://imgs.xkcd.com/comics/before_sunrise.png,"Before Sunrise"
http://imgs.xkcd.com/comics/black_hat_support.png,"Black Hat Support"
http://imgs.xkcd.com/comics/blagofaire.png,Blagofaire
http://imgs.xkcd.com/comics/blanket_fort.png,"Blanket Fort"
http://imgs.xkcd.com/comics/book_burning.png,"Book Burning"
http://imgs.xkcd.com/comics/bookshelf.png,Bookshelf
http://imgs.xkcd.com/comics/budget_news.png,"Budget News"
http://imgs.xkcd.com/comics/campfire.png,Campfire
http://imgs.xkcd.com/comics/canada.png,Canada
http://imgs.xkcd.com/comics/car_problems.png,"Car Problems"
http://imgs.xkcd.com/comics/cautionary_ghost.png,"Cautionary Ghost"
http://imgs.xkcd.com/comics/certainty.png,Certainty
http://imgs.xkcd.com/comics/chess_enlightenment.png,"Chess Enlightenment"
http://imgs.xkcd.com/comics/christmas_gps.png,"Christmas Gps"
http://imgs.xkcd.com/comics/cirith_ungol.png,"Cirith Ungol"
http://imgs.xkcd.com/comics/climbing.png,Climbing
http://imgs.xkcd.com/comics/clinically_studied_ingredient.png,"Clinically Studied Ingredient"
http://imgs.xkcd.com/comics/command_line_fu.png,"Command Line Fu"
http://imgs.xkcd.com/comics/computer_problems.png,"Computer Problems"
http://imgs.xkcd.com/comics/constraints.png,Constraints
http://imgs.xkcd.com/comics/cougars.png,Cougars
http://imgs.xkcd.com/comics/cover_up.png,"Cover Up"
http://imgs.xkcd.com/comics/crazy_straws.png,"Crazy Straws"
http://imgs.xkcd.com/comics/curiosity.png,Curiosity
http://imgs.xkcd.com/comics/designated_drivers.png,"Designated Drivers"
http://imgs.xkcd.com/comics/drawing_stars.png,"Drawing Stars"
http://imgs.xkcd.com/comics/electric_skateboards.png,"Electric Skateboards"
http://imgs.xkcd.com/comics/emotion.png,Emotion
http://imgs.xkcd.com/comics/escape_artist.png,"Escape Artist"
http://imgs.xkcd.com/comics/everything.png,Everything
http://imgs.xkcd.com/comics/exoplanets.png,Exoplanets
http://imgs.xkcd.com/comics/fastest_growing.png,Fastest-Growing
http://imgs.xkcd.com/comics/feathers.png,Feathers
http://imgs.xkcd.com/comics/felidae.png,Felidae
http://imgs.xkcd.com/comics/finish_line.png,"Finish Line"
http://imgs.xkcd.com/comics/firefly.jpg,Firefly
http://imgs.xkcd.com/comics/five_years.png,"Five Years"
http://imgs.xkcd.com/comics/floor_tiles.png,"Floor Tiles"
http://imgs.xkcd.com/comics/forgot_algebra.png,"Forgot Algebra"
http://imgs.xkcd.com/comics/formal_languages.png,"Formal Languages"
http://imgs.xkcd.com/comics/formal_logic.png,"Formal Logic"
http://imgs.xkcd.com/comics/fountain.png,Fountain
http://imgs.xkcd.com/comics/frame.jpg,Frame
http://imgs.xkcd.com/comics/front_door.png,"Front Door"
http://imgs.xkcd.com/comics/ghostbusters_marathon.png,"Ghostbusters Marathon"
http://imgs.xkcd.com/comics/good_cop_dadaist_cop.png,"Good Cop Dadaist Cop"
http://imgs.xkcd.com/comics/goto.png,Goto
http://imgs.xkcd.com/comics/grownups.png,Grownups
http://imgs.xkcd.com/comics/home_organization.png,"Home Organization"
http://imgs.xkcd.com/comics/home_organization.png,"Home Organization"
http://imgs.xkcd.com/comics/internal_monologue.png,"Internal Monologue"
http://imgs.xkcd.com/comics/join_myspace.png,"Join Myspace"
http://imgs.xkcd.com/comics/kayak.png,Kayak
http://imgs.xkcd.com/comics/kerning.png,Kerning
http://imgs.xkcd.com/comics/keyboards_are_disgusting.png,"Keyboards Are Disgusting"
http://imgs.xkcd.com/comics/keyed.png,Keyed
http://imgs.xkcd.com/comics/kickstarter.png,Kickstarter
http://imgs.xkcd.com/comics/kindle.png,Kindle
http://imgs.xkcd.com/comics/knights.png,Knights
http://imgs.xkcd.com/comics/knights.png,Knights
http://imgs.xkcd.com/comics/lakes_and_oceans.png,"Lakes and Oceans"
http://imgs.xkcd.com/comics/letting_go.png,"Letting Go"
http://imgs.xkcd.com/comics/librarians.png,Librarians
http://imgs.xkcd.com/comics/license_plate.png,"License Plate"
http://imgs.xkcd.com/comics/lisp.jpg,Lisp
http://imgs.xkcd.com/comics/love.jpg,Love
http://imgs.xkcd.com/comics/mail.png,Mail
http://imgs.xkcd.com/comics/mario.png,Mario
http://imgs.xkcd.com/comics/matrix_transform.png,"Matrix Transform"
http://imgs.xkcd.com/comics/michael_phelps.png,"Michael Phelps"
http://imgs.xkcd.com/comics/moon_landing.png,"Moon Landing"
http://imgs.xkcd.com/comics/more_accurate.png,"More Accurate"
http://imgs.xkcd.com/comics/mtv_generation.png,"Mtv Generation"
http://imgs.xkcd.com/comics/music_drm.png,"Music Drm"
http://imgs.xkcd.com/comics/names.png,Names
http://imgs.xkcd.com/comics/nash.png,Nash
http://imgs.xkcd.com/comics/never.png,Never
http://imgs.xkcd.com/comics/nihilism.png,Nihilism
http://imgs.xkcd.com/comics/nine.png,Nine
http://imgs.xkcd.com/comics/november.png,November
http://imgs.xkcd.com/comics/nowhere.png,Nowhere
http://imgs.xkcd.com/comics/occulting_telescope.png,"Occulting Telescope"
http://imgs.xkcd.com/comics/phantom_menace.png,"Phantom Menace"
http://imgs.xkcd.com/comics/philosophy.png,Philosophy
http://imgs.xkcd.com/comics/phobia.png,Phobia
http://imgs.xkcd.com/comics/pi.jpg,Pi
http://imgs.xkcd.com/comics/pickup_lines.png,"Pickup Lines"
http://imgs.xkcd.com/comics/pillow_talk.jpg,"Pillow Talk"
http://imgs.xkcd.com/comics/plastic_bags.png,"Plastic Bags"
http://imgs.xkcd.com/comics/porn_folder.png,"Porn Folder"
http://imgs.xkcd.com/comics/potential.png,Potential
http://imgs.xkcd.com/comics/projection.png,Projection
http://imgs.xkcd.com/comics/pwned.png,Pwned
http://imgs.xkcd.com/comics/quirky_girls.png,"Quirky Girls"
http://imgs.xkcd.com/comics/random_number.png,"Random Number"
http://imgs.xkcd.com/comics/refrigerator.png,Refrigerator
http://imgs.xkcd.com/comics/reno_rhymes.png,"Reno Rhymes"
http://imgs.xkcd.com/comics/resonance.png,Resonance
http://imgs.xkcd.com/comics/rubisco.png,RuBisCO
http://imgs.xkcd.com/comics/sail.png,Sail
http://imgs.xkcd.com/comics/schrodinger.jpg,Schrodinger
http://imgs.xkcd.com/comics/self-reference.jpg,Self-Reference
http://imgs.xkcd.com/comics/server_problem.png,"Server Problem"
http://imgs.xkcd.com/comics/seventies.png,Seventies
http://imgs.xkcd.com/comics/six_months.png,"Six Months"
http://imgs.xkcd.com/comics/skynet.png,Skynet
http://imgs.xkcd.com/comics/solar_plexus.jpg,"Solar Plexus"
http://imgs.xkcd.com/comics/space_launch_system.png,"Space Launch System"
http://imgs.xkcd.com/comics/star_ratings.png,"Star Ratings"
http://imgs.xkcd.com/comics/suckville.png,Suckville
http://imgs.xkcd.com/comics/swingset.png,Swingset
http://imgs.xkcd.com/comics/ten_thousand.png,"Ten Thousand"
http://imgs.xkcd.com/comics/the_familiar.png,"The Familiar"
http://imgs.xkcd.com/comics/the_fast_and_the_furious.jpg,"The Fast And The Furious"
http://imgs.xkcd.com/comics/the_general_problem.png,"The General Problem"
http://imgs.xkcd.com/comics/the_important_field.png,"The Important Field"
http://imgs.xkcd.com/comics/the_perfect_sound.png,"The Perfect Sound"
http://imgs.xkcd.com/comics/tuesdays.png,Tuesdays
http://imgs.xkcd.com/comics/turn_signals.png,"Turn Signals"
http://imgs.xkcd.com/comics/united_shapes.png,"United Shapes"
http://imgs.xkcd.com/comics/visited.png,Visited
http://imgs.xkcd.com/comics/visual_field.png,"Visual Field"
http://imgs.xkcd.com/comics/vows.png,Vows
http://imgs.xkcd.com/comics/want.jpg,Want
http://imgs.xkcd.com/comics/warning.png,Warning
http://imgs.xkcd.com/comics/weekend.png,Weekend
http://imgs.xkcd.com/comics/why_do_you_love_me.jpg,"Why Do You Love Me"
http://imgs.xkcd.com/comics/wisdom_of_the_ancients.png,"Wisdom Of The Ancients"
http://imgs.xkcd.com/comics/words_for_small_sets.png,"Words for Small Sets"
http://imgs.xkcd.com/comics/working_for_google.png,"Working For Google"
http://imgs.xkcd.com/comics/writing_styles.png,"Writing Styles"
